Ѕлок карт дл€ Google Maps,https://ru.wordpress.org/plugins/map-block-gutenberg/,5,15,https://wordpress.org/support/plugin/map-block-gutenberg/reviews/
ƒублировать запись,https://ru.wordpress.org/plugins/copy-delete-posts/,5,498,https://wordpress.org/support/plugin/copy-delete-posts/reviews/
Simple Payment Donations & Subscriptions Plugin by Paymattic Ч Best Payments Plugin for WP,https://ru.wordpress.org/plugins/wp-payment-form/,4.5,22,https://wordpress.org/support/plugin/wp-payment-form/reviews/
CodeMirror Blocks,https://ru.wordpress.org/plugins/wp-codemirror-block/,5,36,https://wordpress.org/support/plugin/wp-codemirror-block/reviews/
Classic Editor,https://ru.wordpress.org/plugins/classic-editor/,5,1†094,https://wordpress.org/support/plugin/classic-editor/reviews/
Akismet Spam Protection,https://ru.wordpress.org/plugins/akismet/,4.5,955,https://wordpress.org/support/plugin/akismet/reviews/
"Jetpack предназначен дл€ защиты, резервного копировани€, повышени€ скорости работы и развити€ вашего сайта WordPress",https://ru.wordpress.org/plugins/jetpack/,4,1†829,https://wordpress.org/support/plugin/jetpack/reviews/
Classic Widgets,https://ru.wordpress.org/plugins/classic-widgets/,5,226,https://wordpress.org/support/plugin/classic-widgets/reviews/
Gutenberg,https://ru.wordpress.org/plugins/gutenberg/,2,3†604,https://wordpress.org/support/plugin/gutenberg/reviews/
Performance Lab,https://ru.wordpress.org/plugins/performance-lab/,5,16,https://wordpress.org/support/plugin/performance-lab/reviews/
Plugin Dependencies,https://ru.wordpress.org/plugins/wp-plugin-dependencies/,5,2,https://wordpress.org/support/plugin/wp-plugin-dependencies/reviews/
Two-Factor,https://ru.wordpress.org/plugins/two-factor/,4.5,156,https://wordpress.org/support/plugin/two-factor/reviews/
Contact Form 7,https://ru.wordpress.org/plugins/contact-form-7/,4,1†981,https://wordpress.org/support/plugin/contact-form-7/reviews/
Yoast SEO,https://ru.wordpress.org/plugins/wordpress-seo/,5,27†530,https://wordpress.org/support/plugin/wordpress-seo/reviews/
Elementor Ч конструктор сайтов,https://ru.wordpress.org/plugins/elementor/,4.5,6†379,https://wordpress.org/support/plugin/elementor/reviews/
Classic Editor,https://ru.wordpress.org/plugins/classic-editor/,5,1†094,https://wordpress.org/support/plugin/classic-editor/reviews/
